-- Listage de la structure de la table biblio2020.adherent
CREATE TABLE IF NOT EXISTS `adherent` (
  `codeAdh` smallint(6) NOT NULL AUTO_INCREMENT,
  `nomAdh` varchar(25) NOT NULL ,
  `prenomAdh` varchar(25) NOT NULL ,
  `adrRueAdh` varchar(50) DEFAULT NULL,
  `adrCPAdh` mediumint(5) DEFAULT NULL,
  `adrVilleAdh` varchar(25) DEFAULT NULL,
  `telAdh` varchar(10) DEFAULT NULL,
  `melAdh` varchar(25) DEFAULT NULL,
  PRIMARY KEY (`codeAdh`)
) ENGINE=InnoDB AUTO_INCREMENT=22 DEFAULT CHARSET=latin1;

-- Listage des données de la table biblio2020.adherent
INSERT INTO `adherent` (`codeAdh`, `nomAdh`, `prenomAdh`, `adrRueAdh`, `adrCPAdh`, `adrVilleAdh`, `telAdh`, `melAdh`) VALUES
	(1, "Deltour", "Charles", "4 rue du Pont", 95100, "Argenteuil", "01...", "cdeltour@hotmail.com"),
	(2, "Fime", "Nadia", "5 rue du Montparnasse", 75006, "Paris", "06...", NULL),
	(3, "Ertau", "Frank", "4 Avenue du président Wilson", 94320, "Cachan", "01...", "frank.ertau@laposte.net"),
	(4, "Maneur", "David", "6 rue Charles Péguy", 94000, "Créteil", "01...", NULL),
	(5, "Berezovski", "Sylvie", "18 rue du Château", 91150, "Etampes", "01...", NULL),
	(6, "Finley", "Pascale", "25 rue de Tolbiac", 75013, "Paris", "01...", "pascfinley@yahoo.fr"),
	(7, "Vofur", "Hector", "18 rue Deparcieux", 75014, "Paris", "01...", "hvofur@free.fr"),
	(8, "Derzou", "Fred", "230 avenue de la liberté", 93100, "Montreuil-sous-bois", "01...", "ouzala@aol.com"),
	(9, "Serty", "Julie", "23 rue du Calvaire", 92800, "Suresnes", "01...", NULL),
	(10, "Vofur", "Victor", "18 rue Deparcieux", 75014, "Paris", "01...", "victor.vofur@laposte.net"),
	(11, "Calende", "Hugo", "22 rue des jardins", 91000, "Evry", "01...", NULL),
	(12, "Jemba", "Hubert", "10 rue du 8 mai 1945", 78000, "Versailles", "01...", "jaimeba@yahoo.fr"),
	(13, "Morin", "Séverine", "4 rue du bac", 93000, "Saint Denis", "01...", "morinsev@hotmail.com"),
	(14, "Benrech", "Tarek", "79 rue de Sèvres", 95000, "Nanterre", "01...", NULL),
	(15, "Nguyen", "Marc", "53 impasse Tourneur", 91400, "Orsay", "01...", "nguyen774@wanadoo.fr"),
	(16, "Louali", "Karima", "89 avenue Poincaré", 75001, "Paris", "01...", "kloua@caramail.fr"),
	(17, "Paolo", "Marco", "14 rue du Caire", 91300, "Massy", "01...", NULL),
	(18, "Map", "Joanna", "120 boulevard Voltaire", 75012, "Paris", "01...", NULL),
	(19, "Koundé", "Fatoumata", "4 Place Carrée", 77000, "Melun", "01...", NULL),
	(20, "Derissam", "Bachir", "1 rue des Indes", 78550, "Houdan", "01...", NULL),
	(21, "toto", "jules", NULL, NULL, NULL, NULL, NULL);


-- Listage de la structure de la table biblio2020. auteur
CREATE TABLE IF NOT EXISTS `auteur` (
  `codeAuteur` smallint(6) NOT NULL AUTO_INCREMENT,
  `nomAuteur` varchar(25) NOT NULL DEFAULT "",
  `prenomAuteur` varchar(25) DEFAULT NULL,
  `nationaliteAuteur` varchar(15) DEFAULT NULL,
  PRIMARY KEY (`codeAuteur`)
) ENGINE=InnoDB AUTO_INCREMENT=34 DEFAULT CHARSET=latin1;

-- Listage des données de la table biblio2020.auteur 
INSERT INTO `auteur` (`codeAuteur`, `nomAuteur`, `prenomAuteur`, `nationaliteAuteur`) VALUES
	(1, "Dostoeïvski", "Fédor", "Russe"),
	(2, "Semprun", "Jorge", "Espagnole"),
	(3, "Tolstoï", "Leon", "Russe"),
	(4, "Steinbeck", "John", "Américaine"),
	(5, "Ferro", "Marc", "Française"),
	(6, "Stocker", "Bram", "Irlandaise"),
	(7, "Shelley", "Marie", "Britannique"),
	(8, "King", "Stephen", "Américaine"),
	(9, "Grass", "Gunter", "Allemande"),
	(10, "Barjavel", "René", "Française"),
	(11, "Simmons", "Dan", "Américaine"),
	(12, "Herbert", "Frank", "Américaine"),
	(13, "Clarke", "Arthur C.", "Britannique"),
	(14, "Bradbury", "Ray", "Américaine"),
	(15, "Dick", "Philip K.", "Américaine"),
	(16, "Orwell", "Georges", "Britannique"),
	(17, "Hugo", "Victor", "Française"),
	(18, "Zola", "Emile", "Française"),
	(19, "Morris", NULL, "Belge"),
	(20, "Flaubert", "Gustave", "Française"),
	(21, "Asimov", "Isaac", "Américaine"),
	(22, "Miller", "Frank", "Américaine"),
	(23, "Eco", "Umberto", "Italienne"),
	(24, "Irving", "John", "Américaine"),
	(25, "Braudel", "Fernand", "Française"),
	(26, "Camus", "Albert", "Française"),
	(27, "Vian", "Boris", "Française"),
	(28, "Lehane", "Dennis", "Américaine"),
	(29, "Oe", "Kenzaburo", "Japonaise"),
	(30, "Kertesz", "Imre", "Hongrois"),
	(31, "Garcia Marquez", "Gabriel", "Colombien"),
	(32, "Pratt", "Hugo", "Italienne"),
	(33, "Cooper", "Fenimore", "Américaine");


-- Listage de la structure de la table biblio2020. emprunter
CREATE TABLE IF NOT EXISTS `emprunter` (
  `codeLivreEmprunte` smallint(6) NOT NULL,
  `codeAdherent` smallint(6) NOT NULL,
  `dateEmprunt` date NOT NULL,
  `dateRetourPrevue` date NOT NULL,
  `dateRetourReelle` date DEFAULT NULL,
  PRIMARY KEY (`codeLivreEmprunte`,`codeAdherent`,`dateEmprunt`)  
) ENGINE=InnoDB DEFAULT CHARSET=latin1;

-- Listage des données de la table biblio2020.emprunter 
INSERT INTO `emprunter` (`codeLivreEmprunte`, `codeAdherent`, `dateEmprunt`, `dateRetourPrevue`, `dateRetourReelle`) VALUES
	(1, 1, "2020-06-08", "2020-06-22", "2020-06-22"),
	(1, 2, "2020-05-08", "2020-05-22", "2020-05-18"),
	(1, 3, "2020-05-19", "2020-06-02", "2020-05-28"),
	(1, 14, "2020-06-24", "2020-07-08", "2020-07-07"),
	(1, 16, "2020-10-30", "2020-11-13", NULL),
	(2, 5, "2020-05-28", "2020-06-11", "2020-06-10"),
	(2, 6, "2020-06-12", "2020-06-26", "2020-06-19"),
	(2, 14, "2020-05-10", "2020-05-24", "2020-05-26"),
	(3, 6, "2020-05-13", "2020-05-27", "2020-05-24"),
	(3, 7, "2020-05-25", "2020-06-08", "2020-06-08"),
	(3, 8, "2020-06-09", "2020-06-23", "2020-06-22"),
	(4, 9, "2020-05-16", "2020-05-30", "2020-05-25"),
	(4, 10, "2020-05-26", "2020-06-09", "2020-06-11"),
	(4, 11, "2020-06-12", "2020-06-26", "2020-06-27"),
	(4, 12, "2020-10-30", "2020-11-06", NULL),
	(5, 4, "2020-05-27", "2020-06-10", "2020-06-07"),
	(5, 5, "2020-05-19", "2020-06-02", "2020-05-26"),
	(5, 8, "2020-06-08", "2020-06-22", "2020-06-22"),
	(5, 8, "2020-11-02", "2020-11-16", NULL),
	(5, 14, "2020-06-24", "2020-07-08", "2020-07-05"),
	(6, 2, "2020-06-26", "2020-07-10", "2020-07-11"),
	(6, 4, "2020-08-21", "2020-09-04", "2020-09-03"),
	(6, 6, "2020-07-13", "2020-07-27", "2020-07-24"),
	(6, 7, "2020-05-22", "2020-06-05", "2020-05-31"),
	(6, 8, "2020-07-25", "2020-08-08", "2020-08-18"),
	(6, 9, "2020-06-01", "2020-06-15", "2020-06-17"),
	(6, 16, "2020-09-04", "2020-09-18", "2020-09-19"),
	(6, 16, "2020-09-20", "2020-10-04", "2020-10-06"),
	(6, 17, "2020-11-03", "2020-11-17", NULL),
	(7, 3, "2020-05-25", "2020-06-08", "2020-06-01"),
	(7, 3, "2020-07-16", "2020-07-30", "2020-07-27"),
	(7, 6, "2020-06-02", "2020-06-16", "2020-06-16"),
	(7, 7, "2020-07-28", "2020-08-11", "2020-08-13"),
	(7, 9, "2020-06-21", "2020-07-05", "2020-07-01"),
	(7, 13, "2020-07-06", "2020-07-20", "2020-07-15"),
	(8, 4, "2020-05-26", "2020-06-09", "2020-06-06"),
	(8, 6, "2020-09-07", "2020-09-21", "2020-09-21"),
	(8, 6, "2020-09-24", "2020-10-08", "2020-10-07"),
	(8, 7, "2020-06-09", "2020-06-23", "2020-07-03"),
	(8, 8, "2020-07-06", "2020-07-20", "2020-07-22"),
	(8, 8, "2020-10-09", "2020-10-23", "2020-10-18"),
	(8, 10, "2020-08-11", "2020-08-25", "2020-08-18"),
	(8, 16, "2020-07-25", "2020-08-08", "2020-08-09"),
	(8, 16, "2020-08-20", "2020-09-03", "2020-08-31"),
	(9, 7, "2020-08-08", "2020-08-22", "2020-08-17"),
	(9, 8, "2020-06-12", "2020-06-26", "2020-06-27"),
	(9, 8, "2020-07-10", "2020-07-24", "2020-07-21"),
	(9, 10, "2020-05-26", "2020-06-09", "2020-06-11"),
	(9, 11, "2020-06-27", "2020-07-11", "2020-07-04"),
	(9, 11, "2020-09-06", "2020-09-20", "2020-09-21"),
	(9, 12, "2020-08-19", "2020-09-02", "2020-09-04"),
	(9, 12, "2020-09-21", "2020-10-05", "2020-10-02"),
	(9, 12, "2020-10-07", "2020-10-21", NULL),
	(9, 15, "2020-07-22", "2020-08-05", "2020-08-05"),
	(10, 1, "2020-05-08", "2020-05-22", "2020-05-11"),
	(10, 1, "2020-05-11", "2020-05-25", "2020-05-12"),
	(10, 1, "2020-05-12", "2020-05-26", "2020-05-13"),
	(10, 1, "2020-05-13", "2020-05-27", "2020-05-14"),
	(10, 1, "2020-05-14", "2020-05-28", "2020-05-16"),
	(10, 1, "2020-05-16", "2020-05-30", "2020-05-16"),
	(10, 2, "2020-05-16", "2020-05-30", "2020-05-17"),
	(10, 2, "2020-05-17", "2020-05-31", "2020-05-18"),
	(10, 2, "2020-05-18", "2020-06-01", "2020-05-21"),
	(10, 2, "2020-05-21", "2020-06-04", "2020-05-24"),
	(10, 2, "2020-05-24", "2020-06-07", "2020-05-25"),
	(10, 2, "2020-05-25", "2020-06-08", "2020-05-26"),
	(10, 2, "2020-05-26", "2020-06-09", "2020-05-27"),
	(10, 2, "2020-05-27", "2020-06-10", "2020-05-28"),
	(10, 2, "2020-05-28", "2020-06-11", "2020-05-29"),
	(10, 2, "2020-05-29", "2020-06-12", "2020-05-30"),
	(10, 2, "2020-05-30", "2020-06-13", "2020-06-01"),
	(10, 2, "2020-06-01", "2020-06-15", "2020-06-02"),
	(10, 2, "2020-06-02", "2020-06-16", "2020-06-05"),
	(10, 3, "2020-06-05", "2020-06-19", "2020-06-05"),
	(10, 4, "2020-06-05", "2020-06-19", "2020-06-08"),
	(10, 4, "2020-06-08", "2020-06-22", "2020-06-10"),
	(10, 4, "2020-06-10", "2020-06-24", "2020-06-12"),
	(10, 4, "2020-06-12", "2020-06-26", "2020-06-13"),
	(10, 4, "2020-06-13", "2020-06-27", "2020-06-14"),
	(10, 4, "2020-06-14", "2020-06-28", "2020-06-15"),
	(10, 5, "2020-06-15", "2020-06-29", "2020-06-16"),
	(10, 5, "2020-06-16", "2020-06-30", "2020-06-17"),
	(10, 5, "2020-06-17", "2020-07-01", "2020-06-19"),
	(10, 5, "2020-06-19", "2020-07-03", "2020-06-22"),
	(10, 6, "2020-06-22", "2020-07-06", "2020-06-23"),
	(10, 6, "2020-06-23", "2020-07-07", "2020-06-24"),
	(10, 6, "2020-06-24", "2020-07-08", "2020-06-25"),
	(10, 6, "2020-06-25", "2020-07-09", "2020-06-26"),
	(10, 7, "2020-06-26", "2020-07-10", "2020-06-27"),
	(10, 7, "2020-06-27", "2020-07-11", "2020-06-29"),
	(10, 7, "2020-06-29", "2020-07-13", "2020-07-02"),
	(10, 7, "2020-07-02", "2020-07-16", "2020-07-03"),
	(10, 7, "2020-07-03", "2020-07-17", "2020-07-04"),
	(10, 7, "2020-07-04", "2020-07-18", "2020-07-05"),
	(10, 7, "2020-07-05", "2020-07-19", "2020-07-06"),
	(10, 7, "2020-07-06", "2020-07-20", "2020-07-07"),
	(10, 7, "2020-07-07", "2020-07-21", "2020-07-09"),
	(10, 8, "2020-07-09", "2020-07-23", "2020-07-12"),
	(10, 8, "2020-07-12", "2020-07-26", "2020-07-13"),
	(10, 8, "2020-07-13", "2020-07-27", "2020-07-14"),
	(10, 8, "2020-07-14", "2020-07-28", "2020-07-15"),
	(10, 8, "2020-07-15", "2020-07-29", "2020-07-16"),
	(10, 8, "2020-07-16", "2020-07-30", "2020-07-17"),
	(10, 8, "2020-07-17", "2020-07-31", "2020-07-19"),
	(10, 8, "2020-07-19", "2020-08-02", "2020-07-22"),
	(10, 8, "2020-07-22", "2020-08-05", "2020-07-23"),
	(10, 8, "2020-07-23", "2020-08-06", "2020-07-24"),
	(10, 9, "2020-07-24", "2020-08-07", "2020-07-25"),
	(10, 9, "2020-07-25", "2020-08-08", "2020-07-26"),
	(10, 9, "2020-07-26", "2020-08-09", "2020-07-27"),
	(10, 9, "2020-07-27", "2020-08-10", "2020-07-29"),
	(10, 9, "2020-07-29", "2020-08-12", "2020-08-01"),
	(10, 9, "2020-08-01", "2020-08-15", "2020-08-02"),
	(10, 10, "2020-08-02", "2020-08-16", "2020-08-03"),
	(10, 10, "2020-08-03", "2020-08-17", "2020-08-04"),
	(10, 10, "2020-08-04", "2020-08-18", "2020-08-05"),
	(10, 10, "2020-08-05", "2020-08-19", "2020-08-06"),
	(10, 10, "2020-08-06", "2020-08-20", "2020-08-08"),
	(10, 10, "2020-08-08", "2020-08-22", "2020-08-11"),
	(10, 10, "2020-08-11", "2020-08-25", "2020-08-12"),
	(10, 11, "2020-08-12", "2020-08-26", "2020-08-13"),
	(10, 11, "2020-08-13", "2020-08-27", "2020-08-14"),
	(10, 11, "2020-08-14", "2020-08-28", "2020-08-15"),
	(10, 11, "2020-08-15", "2020-08-29", "2020-08-16"),
	(10, 11, "2020-08-16", "2020-08-30", "2020-08-18"),
	(10, 12, "2020-08-18", "2020-09-01", "2020-08-21"),
	(10, 12, "2020-08-21", "2020-09-04", "2020-08-22"),
	(10, 12, "2020-08-22", "2020-09-05", "2020-08-23"),
	(10, 12, "2020-08-23", "2020-09-06", "2020-08-24"),
	(10, 12, "2020-08-24", "2020-09-07", "2020-08-25"),
	(10, 12, "2020-08-25", "2020-09-08", "2020-08-26"),
	(10, 12, "2020-08-26", "2020-09-09", "2020-08-28"),
	(10, 13, "2020-08-28", "2020-09-11", "2020-08-31"),
	(10, 13, "2020-08-31", "2020-09-14", "2020-09-01"),
	(10, 13, "2020-09-01", "2020-09-15", "2020-09-02"),
	(10, 13, "2020-09-02", "2020-09-16", "2020-09-03"),
	(10, 13, "2020-09-03", "2020-09-17", "2020-09-04"),
	(10, 13, "2020-09-04", "2020-09-18", "2020-09-05"),
	(10, 14, "2020-09-05", "2020-09-19", "2020-09-07"),
	(10, 14, "2020-09-07", "2020-09-21", "2020-09-10"),
	(10, 14, "2020-09-10", "2020-09-24", "2020-09-11"),
	(10, 14, "2020-09-11", "2020-09-25", "2020-09-12"),
	(10, 14, "2020-09-12", "2020-09-26", "2020-09-13"),
	(10, 14, "2020-09-13", "2020-09-27", "2020-09-14"),
	(10, 14, "2020-09-14", "2020-09-28", "2020-09-15"),
	(10, 14, "2020-09-15", "2020-09-29", "2020-09-17"),
	(10, 14, "2020-09-17", "2020-10-01", "2020-09-20"),
	(10, 14, "2020-09-20", "2020-10-04", "2020-09-21"),
	(10, 14, "2020-09-21", "2020-10-05", "2020-09-22"),
	(10, 14, "2020-09-22", "2020-10-06", "2020-09-23"),
	(10, 15, "2020-09-23", "2020-10-07", "2020-09-24"),
	(10, 15, "2020-09-24", "2020-10-08", "2020-09-25"),
	(10, 15, "2020-09-25", "2020-10-09", "2020-09-27"),
	(10, 15, "2020-09-27", "2020-10-11", "2020-09-30"),
	(10, 15, "2020-09-30", "2020-10-14", "2020-10-01"),
	(10, 15, "2020-10-01", "2020-10-15", "2020-10-02"),
	(10, 15, "2020-10-02", "2020-10-16", "2020-10-03"),
	(10, 15, "2020-10-03", "2020-10-17", "2020-10-04"),
	(11, 1, "2020-05-16", "2020-05-30", "2020-05-29"),
	(11, 4, "2020-07-18", "2020-08-01", "2020-07-27"),
	(11, 4, "2020-07-28", "2020-08-11", "2020-08-08"),
	(11, 5, "2020-08-11", "2020-08-25", "2020-08-18"),
	(11, 9, "2020-09-19", "2020-10-03", "2020-10-05"),
	(11, 12, "2020-07-09", "2020-07-23", "2020-07-16"),
	(11, 14, "2020-10-09", "2020-10-23", "2020-10-13"),
	(12, 3, "2020-06-26", "2020-07-10", "2020-07-05"),
	(12, 3, "2020-07-09", "2020-07-23", "2020-07-18"),
	(12, 4, "2020-08-18", "2020-09-01", "2020-09-02"),
	(12, 6, "2020-06-16", "2020-06-30", "2020-06-25"),
	(12, 8, "2020-05-10", "2020-05-24", "2020-05-19"),
	(12, 8, "2020-07-30", "2020-08-13", "2020-08-15"),
	(12, 8, "2020-09-04", "2020-09-18", "2020-09-11"),
	(12, 8, "2020-11-06", "2020-11-20", NULL),
	(12, 10, "2020-05-31", "2020-06-14", "2020-06-15"),
	(12, 11, "2020-05-20", "2020-06-03", "2020-05-30"),
	(12, 11, "2020-09-13", "2020-09-27", "2020-09-24"),
	(12, 12, "2020-07-18", "2020-08-01", "2020-07-29"),
	(12, 12, "2020-09-26", "2020-10-10", "2020-10-06"),
	(12, 12, "2020-10-10", "2020-10-24", NULL),
	(13, 5, "2020-07-01", "2020-07-15", "2020-07-15"),
	(13, 5, "2020-09-09", "2020-09-23", "2020-09-16"),
	(13, 6, "2020-09-04", "2020-09-18", "2020-09-07"),
	(13, 7, "2020-07-16", "2020-07-30", "2020-07-31"),
	(13, 8, "2020-05-10", "2020-05-24", "2020-05-26"),
	(13, 8, "2020-08-11", "2020-08-25", "2020-08-26"),
	(13, 8, "2020-08-27", "2020-09-10", "2020-09-03"),
	(13, 10, "2020-06-11", "2020-06-25", "2020-06-18"),
	(13, 13, "2020-05-27", "2020-06-10", "2020-06-10"),
	(13, 13, "2020-06-19", "2020-07-03", "2020-06-30"),
	(13, 13, "2020-08-01", "2020-08-15", "2020-08-11"),
	(14, 1, "2020-06-19", "2020-07-03", "2020-06-30"),
	(14, 3, "2020-08-01", "2020-08-15", "2020-08-11"),
	(14, 4, "2020-07-01", "2020-07-15", "2020-07-15"),
	(14, 4, "2020-10-10", "2020-10-24", NULL),
	(14, 7, "2020-06-11", "2020-06-25", "2020-06-18"),
	(14, 8, "2020-08-11", "2020-08-25", "2020-08-26"),
	(14, 8, "2020-09-13", "2020-09-27", "2020-09-24"),
	(14, 9, "2020-07-16", "2020-07-30", "2020-07-31"),
	(14, 13, "2020-05-27", "2020-06-10", "2020-06-10"),
	(14, 13, "2020-09-26", "2020-10-10", "2020-10-06"),
	(15, 2, "2020-09-13", "2020-09-27", "2020-09-27"),
	(15, 3, "2020-09-29", "2020-10-13", "2020-10-06"),
	(15, 4, "2020-11-07", "2020-11-21", NULL),
	(15, 6, "2020-05-28", "2020-06-11", "2020-06-11"),
	(15, 6, "2020-06-23", "2020-07-07", "2020-07-02"),
	(15, 8, "2020-07-04", "2020-07-18", "2020-07-19"),
	(15, 9, "2020-07-21", "2020-08-04", "2020-08-06"),
	(15, 9, "2020-08-30", "2020-09-13", "2020-09-10"),
	(15, 10, "2020-10-10", "2020-10-24", NULL),
	(15, 13, "2020-06-12", "2020-06-26", "2020-06-19"),
	(15, 13, "2020-08-10", "2020-08-24", "2020-08-26"),
	(15, 19, "2020-11-01", "2020-11-15", NULL),
	(16, 2, "2020-05-13", "2020-05-27", "2020-05-24"),
	(16, 5, "2020-06-11", "2020-06-25", "2020-06-18"),
	(16, 6, "2020-06-19", "2020-07-03", "2020-06-30"),
	(16, 7, "2020-09-13", "2020-09-27", "2020-09-24"),
	(16, 8, "2020-08-01", "2020-08-15", "2020-08-11"),
	(16, 10, "2020-07-01", "2020-07-15", "2020-07-15"),
	(16, 10, "2020-07-16", "2020-07-30", "2020-07-31"),
	(16, 14, "2020-08-11", "2020-08-25", "2020-08-26"),
	(16, 15, "2020-09-26", "2020-10-10", "2020-10-06"),
	(16, 15, "2020-10-10", "2020-10-24", NULL),
	(17, 1, "2020-09-13", "2020-09-27", "2020-09-27"),
	(17, 7, "2020-10-21", "2020-11-04", NULL),
	(17, 9, "2020-05-28", "2020-06-11", "2020-06-11"),
	(17, 9, "2020-08-10", "2020-08-24", "2020-08-26"),
	(17, 10, "2020-06-23", "2020-07-07", "2020-07-02"),
	(17, 10, "2020-07-04", "2020-07-18", "2020-07-19"),
	(17, 10, "2020-08-30", "2020-09-13", "2020-09-10"),
	(17, 11, "2020-06-12", "2020-06-26", "2020-06-19"),
	(17, 11, "2020-09-29", "2020-10-13", "2020-10-06"),
	(17, 12, "2020-07-21", "2020-08-04", "2020-08-06"),
	(18, 5, "2020-06-18", "2020-07-02", "2020-07-02"),
	(18, 6, "2020-09-24", "2020-10-08", "2020-10-04"),
	(18, 7, "2020-10-09", "2020-10-23", "2020-10-25"),
	(18, 8, "2020-06-09", "2020-06-23", "2020-06-18"),
	(18, 8, "2020-08-14", "2020-08-28", "2020-08-21"),
	(18, 9, "2020-08-03", "2020-08-17", "2020-08-12"),
	(18, 9, "2020-09-07", "2020-09-21", "2020-09-21"),
	(18, 10, "2020-07-19", "2020-08-02", "2020-08-02"),
	(18, 10, "2020-11-10", "2020-11-24", NULL),
	(18, 11, "2020-05-26", "2020-06-09", "2020-06-09"),
	(18, 13, "2020-07-03", "2020-07-17", "2020-07-10"),
	(18, 15, "2020-07-11", "2020-07-25", "2020-07-18"),
	(18, 15, "2020-08-22", "2020-09-05", "2020-08-31"),
	(18, 18, "2020-11-08", "2020-11-22", NULL),
	(18, 19, "2020-10-30", "2020-11-13", NULL),
	(19, 2, "2020-07-21", "2020-08-04", "2020-08-06"),
	(19, 3, "2020-05-29", "2020-06-12", "2020-06-14"),
	(19, 8, "2020-09-29", "2020-10-13", "2020-10-06"),
	(19, 9, "2020-08-10", "2020-08-24", "2020-08-26"),
	(19, 9, "2020-08-30", "2020-09-13", "2020-09-10"),
	(19, 10, "2020-05-19", "2020-06-02", "2020-05-26"),
	(19, 12, "2020-09-13", "2020-09-27", "2020-09-27"),
	(19, 16, "2020-06-19", "2020-07-03", "2020-06-30"),
	(19, 16, "2020-10-10", "2020-10-24", NULL),
	(20, 1, "2020-06-12", "2020-06-26", "2020-06-21"),
	(20, 6, "2020-08-10", "2020-08-24", "2020-08-20"),
	(20, 7, "2020-08-30", "2020-09-13", "2020-09-14"),
	(20, 8, "2020-06-23", "2020-07-07", "2020-07-07"),
	(20, 10, "2020-05-28", "2020-06-11", "2020-06-04"),
	(20, 10, "2020-07-21", "2020-08-04", "2020-08-05"),
	(20, 10, "2020-09-29", "2020-10-13", "2020-10-09"),
	(20, 10, "2020-10-10", "2020-10-24", NULL),
	(21, 1, "2020-06-26", "2020-07-10", "2020-07-12"),
	(21, 2, "2020-08-01", "2020-08-15", "2020-08-12"),
	(21, 5, "2020-09-02", "2020-09-16", "2020-09-09"),
	(21, 6, "2020-08-15", "2020-08-29", "2020-08-29"),
	(21, 11, "2020-05-13", "2020-05-27", "2020-05-22"),
	(21, 11, "2020-07-13", "2020-07-27", "2020-07-29"),
	(21, 11, "2020-09-13", "2020-09-27", "2020-09-28"),
	(21, 12, "2020-06-11", "2020-06-25", "2020-06-25"),
	(22, 1, "2020-05-08", "2020-05-22", "2020-05-15"),
	(22, 5, "2020-08-14", "2020-08-28", "2020-08-21"),
	(22, 7, "2020-09-07", "2020-09-21", "2020-09-21"),
	(22, 11, "2020-05-18", "2020-06-01", "2020-05-25"),
	(22, 12, "2020-09-24", "2020-10-08", "2020-10-04"),
	(22, 16, "2020-08-22", "2020-09-05", "2020-08-31"),
	(23, 4, "2020-09-07", "2020-09-21", "2020-09-23"),
	(23, 6, "2020-08-03", "2020-08-17", "2020-08-10"),
	(23, 6, "2020-08-20", "2020-09-03", "2020-09-03"),
	(23, 10, "2020-07-15", "2020-07-29", "2020-07-29"),
	(23, 12, "2020-05-08", "2020-05-22", "2020-05-24"),
	(23, 12, "2020-05-26", "2020-06-09", "2020-06-02"),
	(23, 12, "2020-09-24", "2020-10-08", "2020-10-01"),
	(23, 12, "2020-10-09", "2020-10-23", "2020-10-19"),
	(23, 15, "2020-06-28", "2020-07-12", "2020-07-13"),
	(23, 15, "2020-07-30", "2020-08-13", "2020-08-01"),
	(23, 16, "2020-06-09", "2020-06-23", "2020-06-24"),
	(24, 3, "2020-10-09", "2020-10-23", "2020-10-24"),
	(24, 6, "2020-05-22", "2020-06-05", "2020-06-02"),
	(24, 7, "2020-06-03", "2020-06-17", "2020-06-12"),
	(24, 8, "2020-06-13", "2020-06-27", "2020-06-28"),
	(24, 9, "2020-08-13", "2020-08-27", "2020-08-24"),
	(24, 13, "2020-07-13", "2020-07-27", "2020-07-27"),
	(24, 13, "2020-08-25", "2020-09-08", "2020-09-01"),
	(24, 13, "2020-09-15", "2020-09-29", "2020-10-09"),
	(24, 14, "2020-07-28", "2020-08-11", "2020-08-12"),
	(24, 15, "2020-09-05", "2020-09-19", "2020-09-12"),
	(25, 3, "2020-06-09", "2020-06-23", "2020-06-25"),
	(25, 7, "2020-05-23", "2020-06-06", "2020-06-06"),
	(25, 7, "2020-06-28", "2020-07-12", "2020-07-05"),
	(25, 7, "2020-07-22", "2020-08-05", "2020-07-29"),
	(25, 8, "2020-08-02", "2020-08-16", "2020-08-16"),
	(25, 8, "2020-09-17", "2020-10-01", "2020-10-01"),
	(25, 9, "2020-09-04", "2020-09-18", "2020-09-14"),
	(25, 15, "2020-08-18", "2020-09-01", "2020-09-03"),
	(26, 2, "2020-05-24", "2020-06-07", "2020-06-08"),
	(26, 3, "2020-06-10", "2020-06-24", "2020-06-19"),
	(26, 7, "2020-07-23", "2020-08-06", "2020-08-03"),
	(26, 9, "2020-06-20", "2020-07-04", "2020-07-01"),
	(26, 12, "2020-08-21", "2020-09-04", "2020-09-14"),
	(26, 15, "2020-08-05", "2020-08-19", "2020-08-20"),
	(27, 1, "2020-05-25", "2020-06-08", "2020-06-01"),
	(27, 2, "2020-06-02", "2020-06-16", "2020-06-18"),
	(27, 9, "2020-06-20", "2020-07-04", "2020-07-04"),
	(28, 1, "2020-05-26", "2020-06-09", "2020-06-10"),
	(28, 6, "2020-06-13", "2020-06-27", "2020-06-24"),
	(28, 8, "2020-06-26", "2020-07-10", "2020-07-05"),
	(29, 3, "2020-06-16", "2020-06-30", "2020-07-02"),
	(29, 6, "2020-05-13", "2020-05-27", "2020-05-27"),
	(29, 16, "2020-05-27", "2020-06-10", "2020-06-03"),
	(30, 2, "2020-07-15", "2020-07-29", "2020-07-30"),
	(30, 6, "2020-05-28", "2020-06-11", "2020-06-08"),
	(30, 7, "2020-06-18", "2020-07-02", "2020-07-12"),
	(31, 1, "2020-05-28", "2020-06-11", "2020-06-04"),
	(31, 7, "2020-06-09", "2020-06-23", "2020-06-23"),
	(31, 8, "2020-06-25", "2020-07-09", "2020-07-05"),
	(31, 9, "2020-05-10", "2020-05-24", "2020-05-26"),
	(32, 11, "2020-05-27", "2020-06-10", "2020-06-07"),
	(32, 11, "2020-06-28", "2020-07-12", "2020-07-12"),
	(32, 11, "2020-08-10", "2020-08-24", "2020-08-21"),
	(32, 13, "2020-06-09", "2020-06-23", "2020-06-25"),
	(32, 13, "2020-07-14", "2020-07-28", "2020-07-27"),
	(32, 15, "2020-07-30", "2020-08-13", "2020-08-06"),
	(32, 15, "2020-08-21", "2020-09-04", "2020-09-03"),
	(32, 16, "2020-09-07", "2020-09-21", "2020-09-17"),
	(33, 12, "2020-05-09", "2020-05-23", "2020-05-19"),
	(33, 12, "2020-06-24", "2020-07-08", "2020-07-01"),
	(33, 12, "2020-07-12", "2020-07-26", "2020-07-26"),
	(33, 14, "2020-06-13", "2020-06-27", "2020-06-22"),
	(33, 14, "2020-09-04", "2020-09-18", "2020-09-19"),
	(33, 16, "2020-05-21", "2020-06-04", "2020-06-06"),
	(33, 16, "2020-07-30", "2020-08-13", "2020-08-10"),
	(34, 11, "2020-05-13", "2020-05-27", "2020-05-24"),
	(34, 11, "2020-06-28", "2020-07-12", "2020-07-07"),
	(34, 13, "2020-06-09", "2020-06-23", "2020-06-18"),
	(34, 13, "2020-07-30", "2020-08-13", "2020-08-13"),
	(34, 13, "2020-08-15", "2020-08-29", "2020-08-31"),
	(34, 15, "2020-07-14", "2020-07-28", "2020-07-30"),
	(34, 15, "2020-09-04", "2020-09-18", "2020-09-20"),
	(35, 12, "2020-05-08", "2020-05-22", "2020-05-22"),
	(35, 12, "2020-08-17", "2020-08-31", "2020-09-10"),
	(35, 14, "2020-06-02", "2020-06-16", "2020-06-17"),
	(35, 14, "2020-07-03", "2020-07-17", "2020-07-13"),
	(35, 14, "2020-07-15", "2020-07-29", "2020-07-30"),
	(35, 15, "2020-09-22", "2020-10-06", "2020-10-07"),
	(35, 16, "2020-05-25", "2020-06-08", "2020-06-01"),
	(35, 16, "2020-06-18", "2020-07-02", "2020-07-03"),
	(35, 16, "2020-10-09", "2020-10-23", "2020-10-23"),
	(36, 8, "2020-05-19", "2020-06-02", "2020-05-28"),
	(36, 13, "2020-06-08", "2020-06-22", "2020-06-22"),
	(36, 17, "2020-05-18", "2020-06-01", "2020-05-18"),
	(36, 18, "2020-06-24", "2020-07-08", "2020-07-07"),
	(37, 10, "2020-05-28", "2020-06-11", "2020-06-10"),
	(37, 11, "2020-06-12", "2020-06-26", "2020-06-19"),
	(37, 20, "2020-05-16", "2020-05-30", "2020-05-26"),
	(38, 11, "2020-05-25", "2020-06-08", "2020-06-08"),
	(38, 12, "2020-05-13", "2020-05-27", "2020-05-24"),
	(38, 12, "2020-06-09", "2020-06-23", "2020-06-22"),
	(39, 11, "2020-05-26", "2020-06-09", "2020-06-11"),
	(39, 12, "2020-06-12", "2020-06-26", "2020-06-27"),
	(39, 20, "2020-05-16", "2020-05-30", "2020-05-25"),
	(40, 13, "2020-05-27", "2020-06-10", "2020-06-07"),
	(40, 14, "2020-05-25", "2020-06-08", "2020-05-26"),
	(40, 15, "2020-06-24", "2020-07-08", "2020-07-05"),
	(40, 17, "2020-06-08", "2020-06-22", "2020-06-22"),
	(41, 11, "2020-06-09", "2020-06-23", "2020-06-17"),
	(41, 12, "2020-09-15", "2020-09-29", "2020-09-19"),
	(41, 13, "2020-09-20", "2020-10-04", "2020-10-06"),
	(41, 16, "2020-06-26", "2020-07-10", "2020-07-11"),
	(41, 16, "2020-10-07", "2020-10-21", NULL),
	(41, 18, "2020-08-21", "2020-09-04", "2020-09-03"),
	(41, 19, "2020-09-04", "2020-09-18", "2020-09-14"),
	(41, 20, "2020-07-25", "2020-08-08", "2020-08-18"),
	(42, 14, "2020-05-25", "2020-06-08", "2020-06-01"),
	(42, 15, "2020-08-14", "2020-08-28", "2020-08-17"),
	(42, 16, "2020-07-06", "2020-07-20", "2020-07-15"),
	(42, 16, "2020-07-28", "2020-08-11", "2020-08-13"),
	(42, 17, "2020-07-16", "2020-07-30", "2020-07-27"),
	(42, 18, "2020-08-18", "2020-09-01", "2020-09-01"),
	(43, 11, "2020-09-24", "2020-10-08", "2020-10-07"),
	(43, 12, "2020-10-19", "2020-11-02", "2020-10-20"),
	(43, 13, "2020-07-06", "2020-07-20", "2020-07-22"),
	(43, 14, "2020-10-09", "2020-10-23", "2020-10-18"),
	(43, 15, "2020-08-18", "2020-09-01", "2020-08-20"),
	(43, 16, "2020-08-20", "2020-09-03", "2020-08-31"),
	(43, 17, "2020-10-20", "2020-11-03", NULL),
	(43, 19, "2020-05-26", "2020-06-09", "2020-06-06"),
	(43, 20, "2020-09-07", "2020-09-21", "2020-09-21"),
	(44, 11, "2020-06-27", "2020-07-11", "2020-07-04"),
	(44, 12, "2020-09-06", "2020-09-20", "2020-09-21"),
	(44, 13, "2020-09-28", "2020-10-12", "2020-10-03"),
	(44, 14, "2020-09-21", "2020-10-05", "2020-09-26"),
	(44, 15, "2020-10-14", "2020-10-28", NULL),
	(44, 16, "2020-08-18", "2020-09-01", "2020-08-30"),
	(44, 17, "2020-10-04", "2020-10-18", "2020-10-14"),
	(44, 18, "2020-08-08", "2020-08-22", "2020-08-17"),
	(44, 19, "2020-07-10", "2020-07-24", "2020-07-21"),
	(44, 20, "2020-07-22", "2020-08-05", "2020-08-07"),
	(45, 11, "2020-05-18", "2020-06-01", "2020-05-21"),
	(45, 11, "2020-06-17", "2020-07-01", "2020-06-19"),
	(45, 11, "2020-09-24", "2020-10-08", "2020-09-25"),
	(45, 12, "2020-05-24", "2020-06-07", "2020-05-25"),
	(45, 12, "2020-06-22", "2020-07-06", "2020-06-23"),
	(45, 12, "2020-09-30", "2020-10-14", "2020-10-01"),
	(45, 13, "2020-05-26", "2020-06-09", "2020-05-27"),
	(45, 13, "2020-06-25", "2020-07-09", "2020-06-26"),
	(45, 14, "2020-05-27", "2020-06-10", "2020-05-28"),
	(45, 14, "2020-06-27", "2020-07-11", "2020-06-29"),
	(45, 15, "2020-05-30", "2020-06-13", "2020-06-01"),
	(45, 15, "2020-08-05", "2020-08-19", "2020-08-06"),
	(45, 16, "2020-05-08", "2020-05-22", "2020-05-11"),
	(45, 16, "2020-05-13", "2020-05-27", "2020-05-14"),
	(45, 16, "2020-06-02", "2020-06-16", "2020-06-05"),
	(45, 16, "2020-06-10", "2020-06-24", "2020-06-12"),
	(45, 16, "2020-08-11", "2020-08-25", "2020-08-12"),
	(45, 16, "2020-08-16", "2020-08-30", "2020-08-18"),
	(45, 17, "2020-05-29", "2020-06-12", "2020-05-30"),
	(45, 17, "2020-07-02", "2020-07-16", "2020-07-03"),
	(45, 18, "2020-05-12", "2020-05-26", "2020-05-13"),
	(45, 18, "2020-06-05", "2020-06-19", "2020-06-08"),
	(45, 18, "2020-08-13", "2020-08-27", "2020-08-14"),
	(45, 19, "2020-05-16", "2020-05-30", "2020-05-16"),
	(45, 19, "2020-06-13", "2020-06-27", "2020-06-14"),
	(45, 19, "2020-09-20", "2020-10-04", "2020-09-21"),
	(45, 20, "2020-05-16", "2020-05-30", "2020-05-17"),
	(45, 20, "2020-06-15", "2020-06-29", "2020-06-16"),
	(45, 20, "2020-09-22", "2020-10-06", "2020-09-23"),
	(46, 13, "2020-05-16", "2020-05-30", "2020-05-29"),
	(46, 14, "2020-07-18", "2020-08-01", "2020-07-27"),
	(46, 15, "2020-08-11", "2020-08-25", "2020-08-18"),
	(46, 16, "2020-09-19", "2020-10-03", "2020-10-05"),
	(46, 16, "2020-10-15", "2020-10-29", NULL),
	(46, 17, "2020-07-28", "2020-08-11", "2020-08-08"),
	(46, 18, "2020-10-07", "2020-10-21", "2020-10-13"),
	(47, 11, "2020-08-18", "2020-09-01", "2020-09-02"),
	(47, 12, "2020-09-03", "2020-09-17", "2020-09-04"),
	(47, 13, "2020-07-06", "2020-07-20", "2020-07-19"),
	(47, 14, "2020-07-30", "2020-08-13", "2020-08-15"),
	(47, 15, "2020-10-08", "2020-10-22", "2020-10-10"),
	(47, 16, "2020-09-25", "2020-10-09", "2020-09-26"),
	(47, 16, "2020-09-26", "2020-10-10", "2020-09-30"),
	(47, 17, "2020-09-04", "2020-09-18", "2020-09-11"),
	(47, 18, "2020-09-13", "2020-09-27", "2020-09-24"),
	(47, 19, "2020-06-26", "2020-07-10", "2020-07-05"),
	(47, 19, "2020-10-01", "2020-10-15", "2020-10-06"),
	(47, 20, "2020-07-19", "2020-08-02", "2020-07-27"),
	(47, 20, "2020-10-10", "2020-10-24", NULL),
	(48, 17, "2020-10-21", "2020-11-04", NULL);

-- Listage de la structure de la table biblio2020. genre
CREATE TABLE IF NOT EXISTS `genre` (
  `codeGenre` tinyint(4) NOT NULL AUTO_INCREMENT,
  `nomGenre` varchar(25) NOT NULL DEFAULT "",
  PRIMARY KEY (`codeGenre`)
) ENGINE=InnoDB AUTO_INCREMENT=8 DEFAULT CHARSET=latin1;

-- Listage des données de la table biblio2020.genre 
INSERT INTO `genre` (`codeGenre`, `nomGenre`) VALUES
	(1, "Littérature"),
	(2, "Terreur"),
	(3, "Science-Fiction"),
	(4, "BD"),
	(5, "Essai"),
	(6, "Policier"),
	(7, "Roman contemporain");

-- Listage de la structure de la table biblio2020.livre
CREATE TABLE IF NOT EXISTS `livre` (
  `codeLivre` smallint(6) NOT NULL AUTO_INCREMENT,
  `ISBNLivre` varchar(13) NOT NULL,
  `titreLivre` varchar(50) NOT NULL ,
  `prixLivre` float DEFAULT NULL,
  `editeurLivre` varchar(25) DEFAULT NULL,
  `anneeLivre` smallint(4) DEFAULT NULL,
  `langueLivre` varchar(25) DEFAULT NULL,
  `codeAuteurLivre` smallint(6) DEFAULT NULL,
  `codeGenreLivre` tinyint(4) DEFAULT NULL,
  PRIMARY KEY (`codeLivre`)
) ENGINE=InnoDB AUTO_INCREMENT=50 DEFAULT CHARSET=latin1;

-- Listage des données de la table biblio2020.livre 
INSERT INTO `livre` (`codeLivre`, `ISBNLivre`, `titreLivre`, `prixLivre`, `editeurLivre`, `anneeLivre`, `langueLivre`, `codeAuteurLivre`, `codeGenreLivre`) VALUES
	(1, "2-07-038692-6", "Les fréres Karamazov", 7, "Folio", 1880, "Russe", 1, 1),
	(2, "2-07-036893-9", "Le Joueur", 5, "Folio", 1866, "Russe", 1, 1),
	(3, "2-07-074049-8", "L'écriture ou la vie", 15, "Gallimard", 1994, "Français", 2, 1),
	(4, "2-07-036287-6", "Guerre et Paix", 8, "Folio", 1869, "Russe", 3, 1),
	(5, "2-07-036083-0", "Les raisins de la colère", 6, "Folio", 1947, "Américain", 4, 1),
	(6, "2-02-018381-1", "Histoire des colonisations", 20, "Seuil", 1994, "Français", 5, 5),
	(7, "2-266-05366-3", "Dracula", 6, "Pocket", 1897, "Anglais", 6, 2),
	(8, "2-501-00279-2", "Frankenstein", 6, "Marabout", 1818, "Anglais", 7, 2),
	(9, "2-277-21197-4", "Shining", 6, "J'ai Lu", 1977, "Américain", 8, 2),
	(10, "2-8001-1455-X", "L'évasion des Dalton", 9, "Dupuis", 1960, "Français", 19, 4),
	(11, "2-258-00139-0", "La Nuit des temps", 6, "Pocket", 1968, "Français", 10, 3),
	(12, "2-253-13862-2", "Nuit d'été", 6, "Albin Michel", 1991, "Français", 11, 2),
	(13, "2-266-02665-8", "Dune", 6, "Pocket", 1965, "Américain", 12, 3),
	(14, "2-290-00349-2", "2001 L'odyssée de l'espace", 5, "J'ai Lu", 1968, "Anglais", 13, 3),
	(15, "2-207-30008-0", "Fahrenheit 451", 5, "Denoël", 1953, "Américain", 14, 3),
	(16, "2-277-21768-9", "Blade Runner", 5, "J'ai Lu", 1968, "Américain", 15, 3),
	(17, "2-8001-1452-5", "Les cousins Dalton", 7, "Dupuis", 1958, "Français", 19, 4),
	(18, "2-07-036822-X", "1984", 7, "Folio", 1948, "Anglais", 16, 1),
	(19, "2-07-037093-3", "Quatrevingt-treize", 6, "Folio", 1874, "Français", 17, 1),
	(20, "2-266-08308-2", "Les Misérables", 12, "Folio", 1862, "Français", 17, 1),
	(21, "2-07-037001-1", "Germinal", 7, "Folio", 1885, "Français", 18, 1),
	(22, "2-07-037051-8", "L'assommoir", 7, "Folio", 1877, "Français", 18, 1),
	(23, "2-8001-1441-X", "La mine d'or de Dick Digger", 9, "Dargaud", 1949, "Français", 19, 4),
	(24, "2-234-04964-4", "Lourdes", 15, "Stock", 1894, "Français", 18, 1),
	(25, "2-234-04963-6", "Paris", 15, "Stock", 1898, "Français", 18, 1),
	(26, "2-8001-1457-6", "Sur la piste des Dalton", 9, "Dupuis", 1962, "Français", 19, 4),
	(27, "2-8001-1462-2", "Les Dalton dans le blizzard", 9, "Dupuis", 1963, "Français", 19, 4),
	(28, "2-205-00585-5", "Ma Dalton", 9, "Dargaud", 1971, "Français", 19, 4),
	(29, "2-234-049652", "Rome", 15, "Stock", 1896, "Français", 18, 1),
	(30, "2-02-031430-4", "Le Tambour", 9, "Seuil", 1959, "Allemand", 9, 1),
	(31, "2-8001-1471-1", "Tortillas pour les Dalton", 9, "Dupuis", 1967, "Français", 19, 4),
	(32, "2-070-30878-2", "Salammbô", 8, "Folio", 1862, "Français", 20, 1),
	(33, "2-207-30089-7", "Fondation", 7, "Denoël", 1951, "Américain", 21, 3),
	(34, "2-070-41311-X", "Madame Bovary", 8, "Folio", 1857, "Français", 20, 1),
	(35, "2-277-12453-2", "Les robots", 5, "J'ai Lu", 1950, "Américain", 21, 3),
	(36, "2-070-74277-6", "Notes de Hiroshima", 11, "Marabout", 1965, "Japonais", 29, 5),
	(37, "2-7427-1542-8", "Etre sans destin", 9, "Actes Sud", 1975, "Hongrois", 30, 1),
	(38, "2-020-23811-X", "Cent ans de solitude", 6, "Actes Sud", 1967, "Espagnol", 31, 1),
	(39, "2-253-00597-5", "A l'Est d'Eden", 7, "Le Livre de Poche", 1952, "Américain", 4, 1),
	(40, "2-02-036376-3", "Le Monde selon Garp", 8, "Seuil", 1976, "Américain", 24, 7),
	(41, "2-253-003313-", "Le Nom de la Rose", 6, "Le Livre de Poche", 1980, "Italien", 23, 1),
	(42, "2-7436-1281-9", "Mystic River", 9, "Rivages", 2001, "Américain", 28, 6),
	(43, "2-070-36042-3", "La Peste", 5, "Folio", 1947, "Français", 26, 1),
	(44, "2-2531-4087-2", "L'Ecume des Jours", 8, "Folio", 1947, "Français", 27, 7),
	(45, "2-87827-038-X", "Sin City", 11, "Rackham", 1994, "Américain", 22, 4),
	(46, "2-203-34411-3", "La Ballade de la Mer Salée", 14, "Casterman", 1967, "Italien", 32, 4),
	(47, "2-253-06168-9", "La Méditerranée", 8, "Le Livre de Poche", 1949, "Français", 25, 5),
	(48, "2-08-070611-X", "Le Dernier des Mohicans", 7, "Marabout", 1826, "Américain", 33, 1),
	(49, "2-277-11830-3", "Avant l'Eden", 6, "J'ai Lu", 1974, "Anglais", 13, 3);

-- création des clés étrangères
ALTER TABLE emprunter add
  CONSTRAINT emprunter_ibfk_1 FOREIGN KEY (`codeLivreEmprunte`) REFERENCES `livre` (`codeLivre`);
  ALTER TABLE emprunter add
  CONSTRAINT emprunter_ibfk_2 FOREIGN KEY (`codeAdherent`) REFERENCES `adherent` (`codeAdh`);
  
  alter table livre add   
  CONSTRAINT livre_ibfk_1 FOREIGN KEY (`codeAuteurLivre`) REFERENCES `auteur` (`codeAuteur`);
  alter table livre add  
  CONSTRAINT `livre_ibfk_2` FOREIGN KEY (`codeGenreLivre`) REFERENCES `genre` (`codeGenre`);
